id;nombre;apellido;correo;codigo_dealer;idciudad;telefonocelular;telefonofijo;telefonoempresarial;direccionresidencial;direccionempresarial;fechanacimiento;idusuario;imagen;imagen_content_type;dealer_id
1;Credit Card Account;Tools Handmade;generating Maine input;compress Kuwait artificial intelligence;34767;payment capability;Quality;Up-sized Savings Account Home;Executive incubate;Keys Usability transmit;2020-04-07;policy;../fake-data/blob/hipster.png;image/png;1
2;out-of-the-box matrix productivity;Product;override;driver;12617;Metical payment Auto Loan Account;Practical;tan transitional Flat;Avon Shoal dynamic;Product;2020-04-07;purple;../fake-data/blob/hipster.png;image/png;2
3;Solutions background;Handcrafted Architect deposit;Buckinghamshire;lime Home Loan Account Investment Account;35901;Ball Indonesia;panel online withdrawal;auxiliary;Assurance Cambridgeshire multi-state;calculate;2020-04-07;China Unbranded Rubber Soap protocol;../fake-data/blob/hipster.png;image/png;3
4;deposit 24/365;National sticky;Investment Account client-driven Investment Account;Auto Loan Account Chips synergy;90323;wireless;multi-state payment;microchip Route Salad;Personal Loan Account South Carolina Engineer;Security Program Avon;2020-04-07;Personal Loan Account Extensions;../fake-data/blob/hipster.png;image/png;4
5;Generic Cotton Car implement;Configuration;Alabama;Sleek Trail;4117;Administrator Mozambique;firewall;Michigan;calculating Somali Shilling utilisation;navigate withdrawal;2020-04-07;Interactions Bacon;../fake-data/blob/hipster.png;image/png;5
6;Applications Agent North Dakota;Unbranded Personal Loan Account online;B2B Home Sudanese Pound;Configurable Handcrafted Cotton Pizza;29320;busXX;Tasty Wisconsin;Internal;synergy feed;port Shoes;2020-04-07;Corporate;../fake-data/blob/hipster.png;image/png;6
7;Engineer Dynamic;Phased;Meadow Books;Future digital;74569;Optimization;utilize Mountains vertical;invoice 24/7;Technician;Rubber Way Pula;2020-04-07;Rustic Cotton Shirt;../fake-data/blob/hipster.png;image/png;7
8;Refined Steel Chicken;success action-items Maine;HTTP Technician implement;Steel;74510;Gorgeous;overriding encoding;generating array TCP;Liaison 4th generation quantifying;virtual Table compressing;2020-04-07;strategy calculate;../fake-data/blob/hipster.png;image/png;8
9;world-class reboot Small Wooden Chips;model motivating;Indiana;Dynamic Rustic calculating;50141;Fish web-enabled;Trafficway bluetooth;Garden Credit Card Account synthesizing;application Dynamic Locks;yellow bypassing;2020-04-07;Books;../fake-data/blob/hipster.png;image/png;9
10;Green;redefine HTTP Sao Tome and Principe;Bermuda silver throughput;Planner Sao Tome and Principe Health;81405;Program;Director;copyX;program Rustic Metal Hat standardization;analyzer Mouse Cambridgeshire;2020-04-07;Generic Wooden Soap;../fake-data/blob/hipster.png;image/png;10
