id;titulo;subtitulo;descripcion;imagen;imagen_content_type
1;bandwidth Metrics;Handcrafted Granite Bacon SMS;backing up Phased;../fake-data/blob/hipster.png;image/png
2;blueX;Proactive;SCSIX;../fake-data/blob/hipster.png;image/png
3;Pants Specialist Checking Account;capacity;parse;../fake-data/blob/hipster.png;image/png
4;Credit Card Account online knowledge base;Dobra;COM Clothing;../fake-data/blob/hipster.png;image/png
5;Automotive Plastic;Cambridgeshire Drives Soft;SSL transform synthesize;../fake-data/blob/hipster.png;image/png
6;web-enabled Home Loan Account calculate;innovative Oklahoma back-end;asynchronous Guinea-Bissau Metal;../fake-data/blob/hipster.png;image/png
7;Sports connecting;system challenge Outdoors;Optional;../fake-data/blob/hipster.png;image/png
8;aggregate envisioneer sky blue;Massachusetts Liaison;Kenyan Shilling Lodge Fantastic Rubber Tuna;../fake-data/blob/hipster.png;image/png
9;withdrawal;Saint Lucia;Engineer Garden bluetooth;../fake-data/blob/hipster.png;image/png
10;Auto Loan Account Liaison Divide;Nevada Consultant;Incredible Frozen Cheese Automotive;../fake-data/blob/hipster.png;image/png
